                  epoch,         train/box_loss,         train/cls_loss,         train/dfl_loss,   metrics/precision(B),      metrics/recall(B),       metrics/mAP50(B),    metrics/mAP50-95(B),           val/box_loss,           val/cls_loss,           val/dfl_loss,                 lr/pg0,                 lr/pg1,                 lr/pg2
                      1,                0.40422,                0.28633,                 1.0738,                0.99775,                      1,                  0.995,                0.80925,                0.76738,                 0.3389,                 1.4963,                0.00018,                0.00018,                0.00018
                      2,                0.41383,                0.27649,                 1.0952,                0.99794,                      1,                  0.995,                0.79138,                0.80049,                  0.344,                 1.5836,             0.00037624,             0.00037624,             0.00037624
                      3,                0.44383,                0.29592,                 1.1021,                0.99798,                      1,                  0.995,                0.76614,                0.93405,                0.42273,                 1.7232,             0.00056852,             0.00056852,             0.00056852
                      4,                0.45822,                0.29803,                 1.1353,                0.96609,                0.96667,                 0.9671,                0.75845,                0.89116,                0.39578,                 1.6815,             0.00075683,             0.00075683,             0.00075683
                      5,                 0.5075,                0.31731,                 1.1868,                0.97427,                0.96667,                0.98545,                0.78074,                0.87833,                0.44083,                 1.7388,             0.00094119,             0.00094119,             0.00094119
                      6,                0.48045,                0.31201,                 1.1579,                0.93513,                0.96667,                0.96446,                 0.7363,                0.94259,                0.48421,                 1.7642,              0.0011216,              0.0011216,              0.0011216
